nbr,name,link,used,date_used
SG 008,Ab in den Biergarten,https://slowgerman.com/2007/06/19/slow-german-008-ab-in-den-biergarten/,FALSE,
SG 009,Bus und Bahn,https://slowgerman.com/2007/07/02/slow-german-009-bus-und-bahn/,FALSE,
SG 010,Die Litfaßsäule,https://slowgerman.com/2007/07/11/slow-german-010-die-litfassaule/,FALSE,
SG 011,Denglisch,https://slowgerman.com/2007/07/26/slow-german-011-denglisch/,FALSE,
SG 012,Recycling,https://slowgerman.com/2007/08/14/slow-german-012-recycling/,FALSE,
SG 013,Stumme Verkäufer,https://slowgerman.com/2007/09/13/slow-german-013-stumme-verkaufer/,FALSE,
SG 014,Das Oktoberfest,https://slowgerman.com/2007/09/21/slow-german-014-das-oktoberfest/,FALSE,
SG 015,Allerheiligen,https://slowgerman.com/2007/10/31/slow-german-015-allerheiligen/,FALSE,
SG 016,Getränke,https://slowgerman.com/2007/11/09/slow-german-016-getranke/,FALSE,
SG 017,Vereine,https://slowgerman.com/2007/11/17/slow-german-017-vereine/,FALSE,
SG 018,Advent,https://slowgerman.com/2007/12/03/slow-german-018-advent/,FALSE,
SG 019,Sternsinger,https://slowgerman.com/2008/01/10/slow-german-019-sternsinger/,FALSE,
SG 020,Lotto,https://slowgerman.com/2008/01/20/slow-german-020-lotto/,FALSE,
SG 021,Aschermittwoch,https://slowgerman.com/2008/02/06/slow-german-021-aschermittwoch/,FALSE,
SG 022,Umzug,https://slowgerman.com/2008/02/28/slow-german-022-umzug/,FALSE,
SG 023,Rauchverbot,https://slowgerman.com/2008/03/10/slow-german-023-rauchverbot/,FALSE,
SG 024,Deutsche Musik,https://slowgerman.com/2008/04/16/slow-german-024-deutsche-musik/,FALSE,
SG 025,Das Schulsystem,https://slowgerman.com/2008/04/29/slow-german-025-das-schulsystem/,FALSE,
SG 026,Haustiere,https://slowgerman.com/2008/05/09/slow-german-026-haustiere/,FALSE,
SG 027,Deutscher Alltag,https://slowgerman.com/2008/05/21/slow-german-027-deutscher-alltag/,FALSE,
SG 028,Kleidung,https://slowgerman.com/2008/06/16/slow-german-028-kleidung/,FALSE,
SG 029,Das Leben der Anderen,https://slowgerman.com/2008/06/26/029-das-leben-der-anderen/,FALSE,
SG 030,Hochzeit,https://slowgerman.com/2008/07/07/030-hochzeit/,FALSE,
SG 031,Das politische System,https://slowgerman.com/2008/07/16/031-das-politische-system-deutschlands/,FALSE,
SG 032,Wohnungen mieten,https://slowgerman.com/2008/07/26/032-wohnungen-mieten/,FALSE,
SG 033,Die Autobahn,https://slowgerman.com/2008/08/07/slow-german-032-die-autobahn/,FALSE,
SG 034,Das R,https://slowgerman.com/2008/09/11/slow-german-034-das-r/,FALSE,
SG 035,Religion,https://slowgerman.com/2008/09/21/slow-german-035-religion/,FALSE,
SG 036,Kinderlieder,https://slowgerman.com/2008/10/02/slow-german-036-kinderlieder/,FALSE,
SG 037,Zeitungen,https://slowgerman.com/2008/11/24/zeitungen/,FALSE,
SG 038,Einkaufen,https://slowgerman.com/2008/12/01/einkaufen/,FALSE,
SG 039,Urlaub,https://slowgerman.com/2008/12/08/slow-german-039-urlaub/,FALSE,
SG 040,Beruf und Karriere,https://slowgerman.com/2008/12/15/slow-german-040-beruf-und-karriere/,FALSE,
SG 041,Weihnachten,https://slowgerman.com/2008/12/22/slow-german-041-weihnachten/,FALSE,
SG 043,Stauffenberg,https://slowgerman.com/2009/01/29/stauffenberg/,FALSE,
SG 044,Essen,https://slowgerman.com/2009/02/05/slow-german-044-essen/,FALSE,
SG 045,Deutsche Literatur,https://slowgerman.com/2009/02/12/slow-german-045-deutsche-literatur/,FALSE,
SG 046,Deutsche Kunst,https://slowgerman.com/2009/02/19/slow-german-046-deutsche-kunst/,FALSE,
SG 047,Unregelmäßige Verben,https://slowgerman.com/2009/02/26/slow-german-047-unregelmaessige-verben/,FALSE,
SG 048,Die Bundeswehr,https://slowgerman.com/2009/03/13/slow-german-048-die-bundeswehr/,FALSE,
SG 049,Radfahren,https://slowgerman.com/2009/04/08/slow-german-049-radfahren/,FALSE,
SG 050,Gesundheitssystem,https://slowgerman.com/2009/04/17/slow-german-050-gesundheitssystem/,FALSE,
SG 051,Good Bye Lenin,https://slowgerman.com/2009/04/27/slow-german-051-good-bye-lenin/,FALSE,
SG 052,Automobile,https://slowgerman.com/2009/05/05/slow-german-052-automobile/,FALSE,
SG 053,Arztbesuch,https://slowgerman.com/2009/05/29/slow-german-053-arztbesuch/,FALSE,
SG 054,Banken,https://slowgerman.com/2009/06/12/slow-german-054-banken/,FALSE,
SG 054b,Yes no hello! Absolute Beginner,https://slowgerman.com/2009/07/06/yes-no-hello-absolute-beginner-1/,FALSE,
SG 055,Fernsehen,https://slowgerman.com/2009/07/10/slow-german-055-fernsehen/,FALSE,
SG 056,Jugendherberge,https://slowgerman.com/2009/09/22/slow-german-056-jugendherberge/,FALSE,
SG 057,Halloween,https://slowgerman.com/2009/10/30/halloween/,TRUE,2025-10-14 00:04:25
SG 058,Humor,https://slowgerman.com/2010/01/20/slow-german-058-humor/,FALSE,
SG 058b,In a restaurant Absolute Beginner,https://slowgerman.com/2010/05/17/in-a-restaurant-absolute-beginner-2/,FALSE,
SG 058c,The German ABC Absolute Beginner,https://slowgerman.com/2010/09/10/the-german-abc-absolute-beginner-3/,FALSE,
SG 059,Studieren in Deutschland,https://slowgerman.com/2010/09/17/slow-german-059-studieren-in-deutschland/,FALSE,
SG 060,Schwangerschaft und Geburt,https://slowgerman.com/2011/02/18/slow-german-060-schwangerschaft-und-geburt/,FALSE,
SG 061,Dating,https://slowgerman.com/2011/03/13/slow-german-061-dating/,FALSE,
SG 062,Umgangssprache,https://slowgerman.com/2011/06/20/slow-german-062-umgangssprache/,FALSE,
SG 062b,Furniture Absolute Beginner,https://slowgerman.com/2011/07/03/furniture-absolute-beginner-4/,FALSE,
SG 063,Kinderarzt,https://slowgerman.com/2011/07/20/slow-german-063-kinderarzt/,FALSE,
SG 064,Ferienjob,https://slowgerman.com/2011/08/02/slow-german-064-ferienjob/,FALSE,
SG 065,Senioren,https://slowgerman.com/2011/08/20/slow-german-065-senioren/,FALSE,
SG 066,Kosenamen,https://slowgerman.com/2011/09/12/slow-german-066-kosenamen/,FALSE,
SG 067,Radiosender,https://slowgerman.com/2011/12/03/slow-german-067-radiosender-2/,FALSE,
SG 068,Versicherungen,https://slowgerman.com/2012/01/02/slow-german-068-versicherungen/,FALSE,
SG 069,Tierpark,https://slowgerman.com/2012/01/16/slow-german-069-tierparks/,FALSE,
SG 070,Soziale Netzwerke,https://slowgerman.com/2012/01/31/slow-german-070-soziale-netzwerke/,FALSE,
SG 071,Verben mit Präpositionen,https://slowgerman.com/2012/03/13/slow-german-071-verben-mit-prapositionen/,FALSE,
SG 072,Tag der Deutschen Einheit,https://slowgerman.com/2012/10/03/slow-german-072-tag-der-deutschen-einheit/,FALSE,
SG 073,Die Berliner Mauer,https://slowgerman.com/2013/04/04/sg-073-die-berliner-mauer/,FALSE,
SG 074,Deutsche Autos,https://slowgerman.com/2013/04/23/sg-074-deutsche-autos-2/,FALSE,
SG 075,Der Nikolaus,https://slowgerman.com/2013/12/03/sg-075-der-nikolaus/,FALSE,
SG 076,Deutsche Marken,https://slowgerman.com/2014/01/28/sg-076-deutsche-marken/,FALSE,
SG 077,Deutsche Serien und Filme,https://slowgerman.com/2014/02/11/sg-077-deutsche-serien-und-filme/,FALSE,
SG 078,Fasching oder Karneval,https://slowgerman.com/2014/03/04/sg-078-fasching-oder-karneval/,TRUE,2025-10-14 10:19:46
SG 078b,SG Dialog Im Café,https://slowgerman.com/2014/03/25/slow-german-dialog-1-im-cafe/,FALSE,
SG 079,Fußball,https://slowgerman.com/2014/04/01/sg-079-fussball/,FALSE,
SG 080,Der 1. Mai und der Maibaum,https://slowgerman.com/2014/05/01/sg-080-der-1-mai-und-der-maibaum/,FALSE,
SG 081,Der Dialekt,https://slowgerman.com/2014/05/20/sg-081-der-dialekt/,FALSE,
SG 081b,SG Dialog Das Wetter,https://slowgerman.com/2014/05/27/slow-german-dialog-2-das-wetter/,FALSE,
SG 081c,At the hotel reception. Absolute Beginner,https://slowgerman.com/2014/06/03/hotel-reception-absolute-beginner-05/,FALSE,
SG 082,Bundeskanzlerin Angela Merkel,https://slowgerman.com/2014/06/10/slow-german-082-angela-merkel/,FALSE,
SG 083,Modernes Deutsch,https://slowgerman.com/2014/06/24/sg-083-modernes-deutsch/,TRUE,2025-10-13 15:56:36
SG 084,Sophie Scholl und,https://slowgerman.com/2014/07/17/slow-german-085-sophie-scholl-und-die-weisse-rose/,FALSE,
SG 085,Öko und Bio,https://slowgerman.com/2014/07/30/slow-german-085-oeko-und-bio/,FALSE,
SG 085b,SG Dialog Im Supermarkt,https://slowgerman.com/2014/08/12/sg-dialog-3-im-supermarkt/,FALSE,
SG 086,Stolpersteine,https://slowgerman.com/2014/09/18/sg-086-stolpersteine/,FALSE,
SG 087,Kinderliteratur,https://slowgerman.com/2014/10/03/sg-087-kinderliteratur/,FALSE,
SG 088,Der deutsche Schlager,https://slowgerman.com/2014/10/14/sg-088-der-deutsche-schlager/,FALSE,
SG 089,Die Bewerbung,https://slowgerman.com/2014/10/28/sg-089-die-bewerbung/,FALSE,
SG 090,Klassische Musik,https://slowgerman.com/2014/11/11/sg-090-klassische-musik/,FALSE,
SG 091,Weihnachtsmarkt,https://slowgerman.com/2014/11/25/sg-091-weihnachtsmarkt/,FALSE,
SG 092,Schrebergarten,https://slowgerman.com/2014/12/10/sg-092-schrebergarten/,FALSE,
SG 093,Christkind und Weihnachtsmann,https://slowgerman.com/2014/12/23/sg-093-christkind-und-weihnachtsmann/,FALSE,
SG 094,Silvester und Neujahr,https://slowgerman.com/2014/12/30/sg-094-silvester-und-neujahr/,FALSE,
SG 095,Vegetarier,https://slowgerman.com/2015/01/12/slow-german-095-vegetarier/,FALSE,
SG 096,PEGIDA,https://slowgerman.com/2015/01/28/sg-096-pegida/,FALSE,
SG 097,Tatort,https://slowgerman.com/2015/02/10/slow-german-097-tatort/,FALSE,
SG 098,Frühling,https://slowgerman.com/2015/03/03/sg-098-fruehling/,FALSE,
SG 098b,At the train station. Absolute Beginner,https://slowgerman.com/2015/03/17/absolute-beginner-am-bahnhof-at-the-train-station/,FALSE,
SG 099,Migration,https://slowgerman.com/2015/03/31/sg-099-migration/,FALSE,
SG 100,Sissi und König Ludwig II.,https://slowgerman.com/2015/04/14/sg-100-sissi-und-koenig-ludwig-ii/,FALSE,
SG 101,Erneuerbare Energien,https://slowgerman.com/2015/05/12/sg-101-erneuerbare-energien/,FALSE,
SG 102,Gewerkschaften und Streiks,https://slowgerman.com/2015/05/26/sg-102-gewerkschaften-und-streiks/,FALSE,
SG 103,Spargel,https://slowgerman.com/2015/06/09/sg-103-spargel/,FALSE,
SG 104,Halligen und Watt,https://slowgerman.com/2015/06/23/sg-104-halligen-und-watt/,FALSE,
SG 105,Die Tagesschau,https://slowgerman.com/2015/07/22/sg-105-die-tagesschau/,FALSE,
SG 106,Die Schultüte,https://slowgerman.com/2015/08/04/sg-106-die-schultuete/,FALSE,
SG 107,Kaffee und Kuchen,https://slowgerman.com/2015/09/15/sg-107-kaffee-und-kuchen/,FALSE,
SG 108,München,https://slowgerman.com/2015/09/29/sg-108-muenchen/,FALSE,
SG 109,FKK,https://slowgerman.com/2015/10/13/sg-109-fkk/,FALSE,
SG 110,Das Hofbräuhaus in München,https://slowgerman.com/2015/10/28/sg-110-das-hofbraeuhaus/,FALSE,
SG 110b,Going shopping. Absolute Beginner,https://slowgerman.com/2015/11/09/going-shopping-absolute-beginner-07/,TRUE,2025-10-13 16:04:30
SG 111,Lufthansa,https://slowgerman.com/2015/11/24/sg-111-lufthansa/,FALSE,
SG 112,Winter,https://slowgerman.com/2015/12/08/winter/,FALSE,
SG 113,Kochen und Backen,https://slowgerman.com/2015/12/22/sg113-kochen-backen/,FALSE,
SG 114,Til Schweiger,https://slowgerman.com/2016/01/08/til-schweiger/,FALSE,
SG 114b,SG Dialog #4: Ein Treffen alter Freunde,https://slowgerman.com/2016/01/19/dialog-freunde/,FALSE,
SG 114c,Getting dressed Absolute Beginner,https://slowgerman.com/2016/01/26/getting-dressed-absolute-beginner-08/,FALSE,
SG 115,Redewendungen,https://slowgerman.com/2016/02/09/redewendungen/,FALSE,
SG 116,Lindenstraße,https://slowgerman.com/2016/02/16/sg-116-lindenstrasse/,FALSE,
SG 116b,Die Familie,https://slowgerman.com/2016/02/23/sg-dialog-5-die-familie/,FALSE,
SG 117,BMW,https://slowgerman.com/2016/03/01/sg-117-bmw/,FALSE,
SG 117b,Das Konzert,https://slowgerman.com/2016/03/29/sg-dialog-6-das-konzert/,FALSE,
SG 118,Die Gebrüder Grimm,https://slowgerman.com/2016/04/04/sg-118-die-gebrueder-grimm/,FALSE,
SG 119,Das Bier,https://slowgerman.com/2016/04/18/sg-119-das-bier/,FALSE,
SG 120,Die Trümmerfrauen,https://slowgerman.com/2016/05/16/sg-120-die-truemmerfrauen/,FALSE,
SG 120b,Going to the doctor. Absolute Beginner,https://slowgerman.com/2016/05/24/going-to-the-doctor-absolute-beginner-09/,FALSE,
SG 121,Die Rote Armee Fraktion RAF,https://slowgerman.com/2016/06/10/raf/,FALSE,
SG 122,Der Sommer,https://slowgerman.com/2016/06/22/sommer/,FALSE,
SG 123,Das Ehrenamt,https://slowgerman.com/2016/07/07/sg-123-das-ehrenamt/,FALSE,
SG 124,Margarete Steiff,https://slowgerman.com/2016/07/22/sg-124-margarete-steiff/,FALSE,
SG 125,Die Weißwurst,https://slowgerman.com/2016/08/15/weisswurst/,FALSE,
SG 126,Abkürzungen,https://slowgerman.com/2016/08/26/sg-126-abkuerzungen/,FALSE,
SG 127,Das Abendbrot,https://slowgerman.com/2016/09/14/sg-127-das-abendbrot/,FALSE,
SG 128,Die Sendung mit der Maus,https://slowgerman.com/2016/09/26/sg-128-die-sendung-mit-der-maus/,FALSE,
SG 129,Der Führerschein,https://slowgerman.com/2016/10/16/sg-129-der-fuehrerschein/,FALSE,
SG 130,Das Deutsche Museum,https://slowgerman.com/2016/11/04/sg-130-das-deutsche-museum/,FALSE,
SG 131,Sankt Martin und der Laternenumzug,https://slowgerman.com/2016/11/17/sg-131-sankt-martin-und-der-laternenumzug/,FALSE,
SG 132,Adidas und Puma,https://slowgerman.com/2016/12/19/sg-132-adidas-und-puma/,FALSE,
SG 133,Der Pumuckl,https://slowgerman.com/2017/01/13/sg-133-der-pumuckl/,FALSE,
SG 134,Karl Valentin,https://slowgerman.com/2017/02/10/sg-134-karl-valentin/,FALSE,
SG 134b,Make-Up and Hair. Absolute Beginner,https://slowgerman.com/2017/02/24/make-up-and-hair-absolute-beginner-10/,FALSE,
SG 135,Deutscher Wein,https://slowgerman.com/2017/03/03/sg-135-deutscher-wein/,FALSE,
SG 136,Der deutsche Bundespräsident,https://slowgerman.com/2017/03/19/sg-136-der-deutsche-bundespraesident/,FALSE,
SG 137,Das Bauhaus,https://slowgerman.com/2017/04/02/sg-137-das-bauhaus/,FALSE,
SG 138,Das deutsche Grundgesetz,https://slowgerman.com/2017/05/06/sg-138-das-deutsche-grundgesetz/,FALSE,
SG 139,Hermann Hesse,https://slowgerman.com/2017/07/09/sg-139-hermann-hesse/,FALSE,
SG 140,Die Bayreuther Festspiele Wagner-Festspiele,https://slowgerman.com/2017/07/25/sg-140-die-bayreuther-festspiele-wagner-festspiele/,FALSE,
SG 141,Mensch-ärgere-dich-nicht,https://slowgerman.com/2017/08/01/mensch-aergere-dich-nicht/,FALSE,
SG 142,Sehenswürdigkeiten in Deutschland,https://slowgerman.com/2017/08/09/sg-142-sehenswuerdigkeiten-in-deutschland/,FALSE,
SG 143,Architektur in Deutschland,https://slowgerman.com/2017/08/23/sg-143-architektur-in-deutschland/,FALSE,
SG 144,Der Herbst,https://slowgerman.com/2017/09/20/sg-144-der-herbst/,FALSE,
SG 145,Die deutsche Nationalhymne und Flagge,https://slowgerman.com/2017/09/27/sg-145-die-deutsche-nationalhymne-und-flagge/,FALSE,
SG 146,Die Beziehung,https://slowgerman.com/2017/10/11/sg-146-die-beziehung/,FALSE,
SG 147,Die Bahn in Deutschland,https://slowgerman.com/2017/10/18/sg-147-die-bahn-in-deutschland/,FALSE,
SG 148,Martin Luther und die Reformation,https://slowgerman.com/2017/10/25/sg-148-martin-luther-und-die-reformation-der-kirche/,FALSE,
SG 149,Der Rhein,https://slowgerman.com/2017/11/08/rhein/,FALSE,
SG 150,Schiller und Goethe,https://slowgerman.com/2017/11/15/sg-150-schiller-und-goethe-2/,FALSE,
SG 151,Jugendsprache,https://slowgerman.com/2017/11/21/jugendsprache/,FALSE,
SG 152,Weihnachtsplätzchen,https://slowgerman.com/2017/11/29/sg-152-weihnachtsplaetzchen/,FALSE,
SG 153,Heinrich Heine,https://slowgerman.com/2017/12/10/sg-153-heinrich-heine/,FALSE,
SG 154,Weihnachtslieder,https://slowgerman.com/2017/12/19/sg-154-weihnachtslieder/,FALSE,
SG 155,Das Nibelungenlied,https://slowgerman.com/2018/01/13/sg-155-das-nibelungenlied/,FALSE,
SG 156,Auf der Baustelle,https://slowgerman.com/2018/01/19/sg-156-auf-der-baustelle/,FALSE,
SG 157,Bertolt Brecht,https://slowgerman.com/2018/01/27/sg-157-bertolt-brecht/,FALSE,
SG 158,Die Zeit der Ritter,https://slowgerman.com/2018/02/03/zeit-der-ritter-mittelalter-burg/,FALSE,
SG 159,Max und Moritz,https://slowgerman.com/2018/02/10/sg-159-max-und-moritz/,FALSE,
SG 160,Die Volkshochschule,https://slowgerman.com/2018/02/23/sg-160-die-volkshochschule/,FALSE,
SG 161,Die Weimarer Republik,https://slowgerman.com/2018/03/02/sg-161-die-weimarer-republik/,FALSE,
SG 162,Deutsche Philosophen,https://slowgerman.com/2018/03/09/sg-162-deutsche-philosophen/,FALSE,
SG 163,Bürgerinitiative und Bürgerbegehren,https://slowgerman.com/2018/03/16/sg-163-buergerinitiative-und-buergerbegehren/,FALSE,
SG 164,Ostern,https://slowgerman.com/2018/03/24/sg-164-ostern/,FALSE,
SG 165,Ludwig van Beethoven,https://slowgerman.com/2018/04/06/sg-165-ludwig-van-beethoven/,FALSE,
SG 165b,The Family. Absolute Beginner,https://slowgerman.com/2018/04/13/the-family-absolute-beginner-11/,FALSE,
SG 166,Im Garten,https://slowgerman.com/2018/04/20/sg-166-im-garten/,FALSE,
SG 167,Playmobil,https://slowgerman.com/2018/04/27/sg-167-playmobil/,FALSE,
SG 167b,SG Dialog : Beim Sport,https://slowgerman.com/2018/05/04/dialog-sport/,FALSE,
SG 168,Elternzeit und Elterngeld,https://slowgerman.com/2018/05/12/sg-168-elternzeit-und-elterngeld/,FALSE,
SG 168b,SG Dialog #8: Haustiere,https://slowgerman.com/2018/06/06/sg-dialog-8-haustiere/,FALSE,
SG 169,Grillen,https://slowgerman.com/2018/05/18/sg-169-grillen/,FALSE,
SG 170,Kinderbetreuung in Deutschland,https://slowgerman.com/2018/06/18/sg-170-kinderbetreuung-in-deutschland/,FALSE,
SG 171,Glashütte Uhren,https://slowgerman.com/2018/07/21/sg-171-glashuette-uhren/,FALSE,
SG 172,Otto von Bismarck,https://slowgerman.com/2018/09/16/sg-172-otto-von-bismarck/,FALSE,
SG 173,Der Duden,https://slowgerman.com/2018/09/29/sg-173-der-duden/,FALSE,
SG 174,Die deutschen Bundesländer,https://slowgerman.com/2018/10/20/sg-174-die-deutschen-bundeslaender/,FALSE,
SG 174b,SG Dialog Mutter und Kind,https://slowgerman.com/2018/10/29/sg-dialog-9-mutter-und-kind/,FALSE,
SG 175,Die deutsche Raumfahrt,https://slowgerman.com/2018/11/19/sg-175-die-deutsche-raumfahrt/,FALSE,
SG 176,Die deutsche Raumfahrt,https://slowgerman.com/2018/11/19/sg-176-albert-einstein/,FALSE,
SG 177,Albert Einstein,https://slowgerman.com/2019/01/17/sg-177-das-mittelalter-in-deutschland/,FALSE,
SG 178,Das Mittelalter in Deutschland,https://slowgerman.com/2019/01/31/sg-178-der-tatortreiniger/,FALSE,
SG 179,Der Tatortreiniger,https://slowgerman.com/2019/02/15/sg-179-die-berlinale-das-deutsche-filmfestival/,FALSE,
SG 180,Die Berlinale das deutsche Filmfestival,https://slowgerman.com/2019/03/01/sg-180-kurorte-und-auf-kur-gehen/,FALSE,
SG 181,Kurorte und auf Kur gehen,https://slowgerman.com/2019/03/18/sg-179-deutsche-sprache-sprachgeschichte/,FALSE,
SG 182,Die deutsche Sprache Geschichte der Sprache,https://slowgerman.com/2019/04/15/sg-182-deutsche-berge-und-gebirge/,FALSE,
SG 183,Deutsche Berge und Gebirge,https://slowgerman.com/2019/05/16/sg-183-die-stasi/,FALSE,
SG 184,Die Stasi,https://slowgerman.com/2019/07/22/sg-184-das-gasthaus-und-die-gaststaette/,FALSE,
SG 185,Das Gasthaus und die Gaststätte,https://slowgerman.com/2019/08/14/sg-185-alexander-von-humboldt/,FALSE,
SG 186,Alexander von Humboldt,https://slowgerman.com/2019/09/10/sg-186-sucht-und-abhaengigkeit/,FALSE,
SG 187,Sucht und Abhängigkeit,https://slowgerman.com/2019/09/17/sg-187-der-kindergarten/,FALSE,
SG 188,Der Kindergarten,https://slowgerman.com/2019/09/24/sg-188-heinrich-hoffmann-struwwelpeter/,FALSE,
SG 189,Heinrich Hoffmann und sein Struwwelpeter,https://slowgerman.com/2019/10/01/sg-189-charite-das-berliner-krankenhaus/,TRUE,2025-10-13 16:00:41
SG 190,Charité das Berliner Krankenhaus,https://slowgerman.com/2019/10/08/sg-190-der-erste-weltkrieg-ww1/,FALSE,
SG 191,Der Erste Weltkrieg WW1,https://slowgerman.com/2019/10/16/sg-191-umweltschutz-und-klimawandel/,FALSE,
SG 191b,Umweltschutz und Klimawandel,https://slowgerman.com/2019/10/22/bus-und-bahn-verkehr-kleiner-alien-dialog-1/,FALSE,
SG 192,Online-Shopping,https://slowgerman.com/2019/10/29/online-shopping/,FALSE,
SG 193,Gastarbeiter in Deutschland,https://slowgerman.com/2019/11/05/sg-193-gastarbeiter-in-deutschland/,FALSE,
SG 194,Das deutsche Schulsystem (aktualisiert),https://slowgerman.com/2019/11/12/sg-194-das-deutsche-schulsystem-aktualisiert/,FALSE,
SG 195,Der Mediziner Robert Koch,https://slowgerman.com/2019/11/19/sg-195-der-mediziner-robert-koch/,FALSE,
SG 195b,Universität Studieren Kleiner Alien Dialog,https://slowgerman.com/2019/11/26/universitaet-studieren-kleiner-alien-dialog-2/,FALSE,
SG 196,Juden in Deutschland,https://slowgerman.com/2019/12/03/sg-196-juden-in-deutschland/,FALSE,
SG 197,Gewerkschaft und Betriebsrat,https://slowgerman.com/2019/12/10/betriebsrat-gewerkschaft/,TRUE,2025-10-13 16:05:34
SG 198,Banken und Finanzen in Deutschland,https://slowgerman.com/2019/12/17/sg-198-banken-und-finanzen-in-deutschland/,FALSE,
SG 199,Jakob Fugger und die Fugger-Familie,https://slowgerman.com/2019/12/24/sg-199-jakob-fugger-und-die-fugger-familie/,FALSE,
SG 200,Menschen mit Behinderung,https://slowgerman.com/2019/12/31/sg-200-menschen-mit-behinderung/,FALSE,
SG 200b,Frühstück und Arbeit Kleiner Alien Dialog,https://slowgerman.com/2020/01/21/fruehstueck-arbeit-kleiner-alien-dialog-3/,FALSE,
SG 201,Thomas Mann,https://slowgerman.com/2020/01/28/thomas-mann-sg-201/,FALSE,
SG 202,Nachhaltigkeit und Klimawandel,https://slowgerman.com/2020/02/04/nachhaltigkeit-und-klimawandel-sg-202/,FALSE,
SG 203,Die deutsche Polizei,https://slowgerman.com/2020/02/11/die-deutsche-polizei-sg-203/,FALSE,
SG 204,Österreich,https://slowgerman.com/2020/02/18/oesterreich-sg-204/,FALSE,
SG 204b,SG Dialog Jobsuche,https://slowgerman.com/2020/02/25/sg-dialog-10-jobsuche/,FALSE,
SG 205,DAX der Deutsche Aktien Index,https://slowgerman.com/2020/03/06/dax-der-deutsche-aktien-index-sg-205/,FALSE,
SG 206,Brief schreiben So schreibe ich einen Brief!,https://slowgerman.com/2020/03/24/brief-schreiben-so-schreibe-ich-einen-brief-sg-206/,FALSE,
SG 207,Das deutsche Urheberrecht,https://slowgerman.com/2020/04/10/das-deutsche-urheberrecht-sg-207/,FALSE,
SG 208,Corona / Covid-19 in Deutschland,https://slowgerman.com/2020/05/15/corona-covid-19-in-deutschland-sg-208/,FALSE,
SG 209,Aberglaube in Deutschland,https://slowgerman.com/2020/05/31/aberglaube-in-deutschland-sg-209/,FALSE,
SG 209b,SG Dialog Mein Kind ist krank,https://slowgerman.com/2020/06/23/sg-dialog-11-mein-kind-ist-krank/,FALSE,
SG 210,Die Uhrzeit,https://slowgerman.com/2020/07/09/die-uhrzeit-sg-210/,FALSE,
SG 211,Die Firma Siemens und ihr Gründer Werner Siemens,https://slowgerman.com/2020/07/29/die-firma-siemens-und-ihr-gruender-werner-siemens-sg-211/,FALSE,
SG 212,Die Schweiz,https://slowgerman.com/2020/08/11/die-schweiz-sg-212/,FALSE,
SG 213,Kinderrechte in Deutschland,https://slowgerman.com/2020/09/17/sg-213-kinderrechte-in-deutschland/,FALSE,
SG 214,Der Film Fack Ju Göhte,https://slowgerman.com/2020/09/22/der-film-fack-ju-goehte-sg-214/,FALSE,
SG 215,Die Gender-Debatte in Deutschland,https://slowgerman.com/2020/09/29/die-genderdebatte-in-deutschland-sg-215/,FALSE,
SG 216,Birkenstock die Schuhe und die Firma,https://slowgerman.com/2020/10/06/birkenstock-schuhe-firma-sg-216/,FALSE,
SG 217,Konsum in Deutschland,https://slowgerman.com/2020/10/13/konsum-in-deutschland-sg-217/,FALSE,
SG 218,Die Hobbys der Deutschen,https://slowgerman.com/2020/10/28/die-hobbys-der-deutschen-sg-218/,FALSE,
SG 219,Muslime in Deutschland,https://slowgerman.com/2020/11/16/muslime-in-deutschland-sg-219/,FALSE,
SG 220,Deutscher Film: Der Schuh des Manitu,https://slowgerman.com/2020/11/26/deutscher-film-der-schuh-des-manitu-sg-220/,FALSE,
SG 221,Verschwörungsmythen und Verschwörungstheorien,https://slowgerman.com/2020/12/01/verschwoerungsmythen-und-verschwoerungstheorien-sg-221/,FALSE,
SG 222,Der Untergang der Wilhelm Gustloff,https://slowgerman.com/2020/12/08/der-untergang-der-wilhelm-gustloff-sg-222/,FALSE,
SG 223,Arm und reich in Deutschland,https://slowgerman.com/2020/12/15/arm-und-reich-in-deutschland-sg-223/,FALSE,
SG 224,Das Zukunftsdorf Feldheim,https://slowgerman.com/2020/12/22/das-zukunftsdorf-feldheim-sg-224/,FALSE,
SG 225,Der öffentlich-rechtliche Rundfunk,https://slowgerman.com/2020/12/29/der-oeffentlich-rechtliche-rundfunk-sg-225/,FALSE,
SG 226,Wetter und Klima in Deutschland,https://slowgerman.com/2021/01/05/wetter-und-klima-in-deutschland-sg-226/,FALSE,
SG 227,True Crime: Das Verbrechen von Hinterkaifeck,https://slowgerman.com/2021/01/13/verbrechen-true-crime-hinterkaifeck/,FALSE,
SG 228,Der Marshallplan hilft Deutschland,https://slowgerman.com/2021/02/02/der-marshallplan-hilft-deutschland-sg-228/,FALSE,
SG 229,Der Kaufhaus-Erpresser Dagobert,https://slowgerman.com/2021/02/09/der-kaufhaus-erpresser-dagobert-sg-229/,FALSE,
SG 230,die sage der loreley am rhein,https://slowgerman.com/2021/02/16/die-sage-der-loreley-am-rhein-sg-230/,FALSE,
SG 231,Wacken das Heavy-Metal-Festival,https://slowgerman.com/2021/02/23/wacken-das-heavy-metal-festival-sg-231/,FALSE,
SG 232,Das rätselhafte Findelkind Kaspar Hauser,https://slowgerman.com/2021/03/02/das-raetselhafte-findelkind-kaspar-hauser-sg-232/,FALSE,
SG 233,Teekesselchen Wörter mit zwei Bedeutungen Homonyme,https://slowgerman.com/2021/03/09/homonyme-woerter-mit-zwei-bedeutungen-teekesselchen-sprache-sg-233/,FALSE,
SG 234,Der Rattenfänger von Hameln,https://slowgerman.com/2021/04/08/der-rattenfaenger-von-hameln-sg-234/,FALSE,
SG 235,Siegfried und Roy Magier in Las Vegas,https://slowgerman.com/2021/04/28/siegfried-und-roy-deutsche-magier-las-vegas/,FALSE,
SG 236,Garten und Balkon in Deutschland,https://slowgerman.com/2021/05/11/garten-und-balkon-in-deutschland-sg-236/,FALSE,
SG 237,Das Schloss Neuschwanstein,https://slowgerman.com/2021/06/16/das-schloss-neuschwanstein-sg-237/,FALSE,
SG 238,Was wären wir ohne Internet?,https://slowgerman.com/2021/06/22/was-waeren-wir-ohne-internet-sg-238/,TRUE,2025-10-13 16:24:59
SG 239,Adele Spitzeder Schauspielerin Sängerin Betrügerin,https://slowgerman.com/2021/07/15/adele-spitzeder-schauspielerin-saengerin-betruegerin-sg-239/,FALSE,
SG 240,Homosexualität in Deutschland,https://slowgerman.com/2021/08/04/homosexualitaet-in-deutschland-schwul-lesbisch/,FALSE,
SG 241,Bundestagswahl 2021 in Deutschland,https://slowgerman.com/2021/09/14/bundestagswahl-2021-in-deutschland-sg-241/,FALSE,
SG 242,Die deutschen Kolonien,https://slowgerman.com/2021/11/10/die-deutschen-kolonien-sg-242/,FALSE,
SG 243,Der große Zapfenstreich,https://slowgerman.com/2021/12/04/der-grosse-zapfenstreich-sg-243/,FALSE,
SG 244,Deutschlands neuer Kanzler: Olaf Scholz,https://slowgerman.com/2021/12/08/deutschlands-neuer-kanzler-olaf-scholz-sg-244/,FALSE,
SG 245,Das Brandenburger Tor,https://slowgerman.com/2022/02/11/das-brandenburger-tor-sg-245/,FALSE,
SG 246,Mental Load,https://slowgerman.com/2022/03/24/mental-load-sg-246/,FALSE,
SG 247,Auswanderung aus Deutschland,https://slowgerman.com/2022/04/05/auswanderung-aus-deutschland-sg-247/,FALSE,
SG 248,Leben auf dem Land oder in der Stadt?,https://slowgerman.com/2022/10/11/leben-auf-dem-land-oder-in-der-stadt-sg-248/,FALSE,
SG 249,Das beschäftigt Deutschland im Oktober 2022,https://slowgerman.com/2022/10/25/das-beschaeftigt-deutschland-im-oktober-2022-sg-249/,FALSE,
SG 250,Wie unterscheiden sich Nord- und Süddeutsche?,https://slowgerman.com/2022/11/21/wie-unterscheiden-sich-nord-und-sueddeutsche/,FALSE,
SG 251,Die Pest in Deutschland,https://slowgerman.com/2022/12/23/die-pest-in-deutschland-sg-251/,FALSE,
SG 252,Gute Vorsätze,https://slowgerman.com/2023/01/05/gute-vorsaetze-sg-252/,FALSE,
SG 253,Die häufigsten Berufe in Deutschland,https://slowgerman.com/2023/02/07/die-haeufigsten-berufe-in-deutschland-sg-253/,FALSE,
SG 254,Noch mehr deutsche Musik,https://slowgerman.com/2023/03/16/noch-mehr-deutsche-musik-sg-254/,FALSE,
SG 255,Der Euro Deutschlands Währung,https://slowgerman.com/2023/04/23/der-euro-deutschlands-waehrung-sg-255/,FALSE,
SG 256,Die Reederei Hapag-Lloyd,https://slowgerman.com/2023/06/28/die-reederei-hapag-lloyd-sg-256/,FALSE,
SG 257,Vor- und Nachteile der Zweisprachigkeit,https://slowgerman.com/2023/09/28/vor-und-nachteile-der-zweisprachigkeit-sg-257/,FALSE,
SG 258,Deutsche auf Geschäftsreise,https://slowgerman.com/2023/10/24/deutsche-auf-geschaeftsreise-sg-258/,FALSE,
SG 259,Beliebte Sportarten,https://slowgerman.com/2023/11/17/beliebte-sportarten-sg-259/,FALSE,
SG 260,John Rabe,https://slowgerman.com/2023/11/28/john-rabe-sg-260/,FALSE,
SG 261,Knigge und die Benimmregeln,https://slowgerman.com/2023/12/12/knigge-und-die-benimmregeln-sg-261/,FALSE,
SG 262,Jugendschutz in Deutschland,https://slowgerman.com/2024/01/01/jugendschutz-in-deutschland-sg-262/,FALSE,
SG 263,Der Humorist Loriot,https://slowgerman.com/2024/01/09/der-humorist-loriot-sg-263/,FALSE,
SG 264,Erneuerbare Energien,https://slowgerman.com/2024/01/23/erneuerbare-energien-sg-264/,FALSE,
SG 265,Die TV-Serie Der Bergdoktor,https://slowgerman.com/2024/02/06/die-tv-serie-der-bergdoktor-sg-265/,FALSE,
SG 266,Nomen-Verb-Verbindungen,https://slowgerman.com/2024/02/20/nomen-verb-verbindungen-sg-266/,FALSE,
SG 267,Brot und Bäckereien in Deutschland,https://slowgerman.com/2024/03/05/brot-und-baeckereien-in-deutschland-sg-267/,FALSE,
SG 268,Steuern und das Finanzamt,https://slowgerman.com/2024/03/19/steuern-und-das-finanzamt-sg-268/,FALSE,
SG 269,Wandern in Deutschland,https://slowgerman.com/2024/04/02/wandern-in-deutschland-sg-269/,FALSE,
SG 270,Demonstrationen gegen Rechtsextremismus,https://slowgerman.com/2024/04/16/demonstrationen-gegen-rechtsextremismus-sg-270/,FALSE,
SG 271,Muttertag und Vatertag,https://slowgerman.com/2024/04/30/muttertag-und-vatertag-sg-271/,FALSE,
SG 272,Der autofreie Sonntag,https://slowgerman.com/2024/05/14/der-autofreie-sonntag-sg-272/,FALSE,
SG 273,Die Europawahl,https://slowgerman.com/2024/05/28/die-europawahl-sg-273/,FALSE,
SG 274,Die Fußball-Europameisterschaft 2024,https://slowgerman.com/2024/06/11/die-fussball-europameisterschaft-2024-sg-274/,FALSE,
SG 275,Warnstreiks in Deutschland,https://slowgerman.com/2024/06/25/warnstreiks-in-deutschland-sg-275/,FALSE,
SG 276,Die Einbürgerung in Deutschland,https://slowgerman.com/2024/07/09/die-einbuergerung-in-deutschland/,FALSE,
SG 277,Lesen in Deutschland,https://slowgerman.com/2024/07/23/lesen-in-deutschland-sg-277/,FALSE,
SG 278,Mit der Bahn fahren in Deutschland,https://slowgerman.com/2024/08/06/mit-der-bahn-fahren-in-deutschland/,FALSE,
SG 279,Die deutsche Post,https://slowgerman.com/2024/09/03/die-deutsche-post/,FALSE,
SG 280,Paragliding oder Gleitschirmfliegen,https://slowgerman.com/2024/09/17/paragliding-gleitschirmfliegen/,FALSE,
SG 281,Die Buchpreisbindung in Deutschland,https://slowgerman.com/2024/10/01/buchpreisbindung/,FALSE,
SG 281b,An der Tankstelle Kleiner Alien-Dialog,https://slowgerman.com/2024/10/15/deutscher-dialog-an-der-tankstelle/,FALSE,
SG 283,Kurt Eisner Bayerns erster Ministerpräsident,https://slowgerman.com/2024/10/29/kurt-eisner-bayerns-erster-ministerpraesident/,FALSE,
SG 284,Die Kreuzzüge,https://slowgerman.com/2024/11/12/kreuzzuege-kreuzzug-ritter/,FALSE,
SG 285,Der Döner,https://slowgerman.com/2024/11/26/doener/,FALSE,
SG 286,Der Pirat Klaus Störtebeker,https://slowgerman.com/2024/12/10/der-pirat-klaus-stoertebeker-sg-286/,FALSE,
SG 287,Typisch deutsch!,https://slowgerman.com/2024/12/24/typisch-deutsch-typically-german/,FALSE,
SG 288,Die Donau,https://slowgerman.com/2025/01/07/donau-fluss/,FALSE,
SG 288b,Im Fitness-Studio Kleiner Alien-Dialog,https://slowgerman.com/2025/01/21/im-fitness-studio-kleiner-alien-dialog-deutsch/,FALSE,
SG 290,Der TÜV,https://slowgerman.com/2025/02/04/tuev/,FALSE,
SG 291,Die Krankenkasse,https://slowgerman.com/2025/02/18/krankenversicherung/,FALSE,
SG 292,Die Bundestagswahl 2025,https://slowgerman.com/2025/03/04/bundestagswahl-2025/,FALSE,
SG 293,Wissenschaft in Deutschland,https://slowgerman.com/2025/03/18/wissenschaft-deutschland/,FALSE,
SG 294,Made in Germany,https://slowgerman.com/2025/04/01/made-in-germany-guetesiegel/,FALSE,
SG 295,Ostalgie,https://slowgerman.com/2025/04/15/ostalgie/,FALSE,
SG 295b,Der Zeppelin Hindenburg,https://slowgerman.com/2025/04/29/zeppelin-hindenburg/,FALSE,
SG 297,Friedrich Merz neuer deutscher Bundeskanzler,https://slowgerman.com/2025/05/13/friedrich-merz-deutscher-bundeskanzler/,FALSE,
SG 298,Dialog: Das Bewerbungsgespräch,https://slowgerman.com/2025/05/27/bewerbungsgespraech-dialog/,FALSE,
SG 299,Der Klimawandel in Deutschland,https://slowgerman.com/2025/06/10/klimawandel-klimakrise/,FALSE,
SG 300,Die 300. Episode von Slow German,https://slowgerman.com/2025/06/24/300-episode-folge/,FALSE,
SG 301,Das Dirndl und die Tracht,https://slowgerman.com/2025/07/08/dirndl-tracht-bayern-bedeutung/,FALSE,
SG 302,Das Tierheim in Deutschland,https://slowgerman.com/2025/07/22/tierheim-hunde-katzen-tiere/,FALSE,
SG 303,Wohnen in Deutschland,https://slowgerman.com/2025/08/05/wohnen-in-deutschland-wohnung-haus/,FALSE,
SG 304,Das Ehrenamt und der Freiwilligendienst,https://slowgerman.com/2025/08/19/ehrenamt-freiwilligendienst-fsj-thw/,FALSE,
SG 305,Die Firma SAP,https://slowgerman.com/2025/09/02/firma-sap-dax-wirtschaft/,FALSE,
SG 306,Gute deutsche Podcasts,https://slowgerman.com/2025/09/16/gute-deutsche-podcasts-meine-hoertipps/,FALSE,
SG 307,Arbeitslos in Deutschland,https://slowgerman.com/2025/09/30/arbeitslos-in-deutschland-sg-307/,FALSE,
